<?xml version="1.0"?>
<XML>
	<Item Key="INHOUSE">
		<NAME>Inhouse passenger titles</NAME>
		<ADULT>
			<TITLE Code="MR" Gender="M">Mr</TITLE>
			<TITLE Code="MRS" Gender="F">Mrs</TITLE>
			<TITLE Code="DR" Gender="B">Doctor</TITLE>
			<TITLE Code="MS" Gender="F">Ms</TITLE>
			<TITLE Code="MISS" Gender="F">Miss</TITLE>			
			<TITLE Code="REV" Gender="B">Reverend</TITLE>
			<TITLE Code="PROF" Gender="B">Professor</TITLE>
			<TITLE Code="SIR" Gender="M">Sir</TITLE>
			<TITLE Code="LORD" Gender="M">Lord</TITLE>
			<TITLE Code="LADY" Gender="F">Lady</TITLE>
		</ADULT>
		<CHILD>
			<TITLE Code="MSTR" Gender="M">Master</TITLE>
			<TITLE Code="MISS" Gender="F">Miss</TITLE>
		</CHILD>
	</Item>
	<Item Key="3PF">
		<NAME>Third Party Flight passenger titles</NAME>
		<ADULT>
			<TITLE Code="MR" Gender="M">Mr</TITLE>
			<TITLE Code="MRS" Gender="F">Mrs</TITLE>
			<TITLE Code="MS" Gender="F">Ms</TITLE>
		</ADULT>
		<CHILD>
			<TITLE Code="MSTR" Gender="M">Master</TITLE>
			<TITLE Code="MISS" Gender="F">Miss</TITLE>
		</CHILD>
	</Item>
</XML>
